approach,precision,recall,f1
Task 0 (Contenu TF-IDF),0.0106024096385542,0.0431745429938201,0.0166240900059193
Task 1 (Collaboratif UBCF),0.0061821311218901,0.0198786487943114,0.0090216896172072
Task 3 (RDF/Graphe),0.30141402714932125,0.48791666666666667,0.33275974025974026
